http://www.vashdom.ru/goods.htm	1579900.0889267863
https://messenger.com/	0.15
http://www.vashdom.ru/price-new.htm#	0.15
http://ox.techart.ru/delivery/ck.php?n=a3ccde7	0.15
http://forum.vashdom.ru/register/	0.15
http://board.vashdom.ru/	0.15
http://www.vashdom.ru/help.htm#	0.15
https://www.facebook.com/find-friends?ref=pf	0.15
http://forum.vashdom.ru/posts/369335/	0.15
http://board.vashdom.ru/cab-login.htm	0.15
http://forum.vashdom.ru/help/	0.15
https://ar-ar.facebook.com/login.php?skip_api_login=1&amp;api_key=419596481514203&amp;signed_next=1&amp;next=https%3A%2F%2Fwww.facebook.com%2Fv2.4%2Fdialog%2Foauth%3Fredirect_uri%3Dhttp%253A%252F%252Fforum.vashdom.ru%252Fregister%252Ffacebook%26state%3D8c8d145aab3050b6f0428af11a98d9c6%26scope%3Dpublic_profile%252Cemail%26client_id%3D419596481514203%26ret%3Dlogin%26logger_id%3D183ae92c-fd1a-6daf-9f7a-24e4d287a72c&amp;cancel_url=http%3A%2F%2Fforum.vashdom.ru%2Fregister%2Ffacebook%3Ferror%3Daccess_denied%26error_code%3D200%26error_description%3DPermissions%2Berror%26error_reason%3Duser_denied%26state%3D8c8d145aab3050b6f0428af11a98d9c6%23_%3D_&amp;display=page&amp;locale=ar_AR&amp;logger_id=183ae92c-fd1a-6daf-9f7a-24e4d287a72c	0.15
https://www.facebook.com/marketplace/?ref=fb_home	0.15
http://board.vashdom.ru/#	0.15
http://forum.vashdom.ru/register/facebook?reg=1	0.15
http://forum.vashdom.ru/lost-password/	0.15
http://vashdom.ru/partners.htm	0.15
https://www.facebook.com/places/	0.15
http://ox.techart.ru/delivery/ck.php?n=81f3d02	0.15
http://www.vashdom.ru/articles/hudozhestvennaya-obrabotka-naturalnogo-kamnya.htm	0.15
http://forum.vashdom.ru/register/twitter?reg=1	0.15
http://ox.techart.ru/delivery/ck.php?n=77a1c3a	0.15
http://forum.vashdom.ru/threads/dva-sposoba-vozvedenija-sruba.50900/	0.15
http://forum.vashdom.ru/threads/perekrytie-mezhdu-1-i-2-ehtazhami-nado-li-delat-arm-pojas.45976/	0.15
http://rusframer.ru/	0.15
http://www.vashdom.ru/job-res-1.htm	0.15
http://www.vashdom.ru/tender-add.htm	0.15
http://www.vashdom.ru/rules-abonement.htm#	0.15
http://forum.vashdom.ru/attachments/27210/	0.15
http://www.vashdom.ru/tenders.htm	0.15
http://l.facebook.com/l.php?u=http%3A%2F%2Fmomentsapp.com%2F&amp;h=ATNUzeU1Hw1Eaxs3p0AjEbmVNvfdf2Hvjsi4dz4sLrgCxvigi4V9Rja769w8EwiYw1jC_WzRDddi0K2UvvJ0vLr6efqdtcAGwGqvIV1GyntUihUkAKiq1IE&amp;s=1	0.15
http://forum.vashdom.ru/forums/proekty-domov-i-kottedzhej-arxitekturnoe-proektirovanie.23/	0.15
http://ox.techart.ru/delivery/ck.php?n=80b89aa	0.15
http://www.vashdom.ru/articles/linoleum-ili-laminat-na-chem-ostanovit-vybor.htm	0.15
https://pt-br.facebook.com/login.php?skip_api_login=1&amp;api_key=419596481514203&amp;signed_next=1&amp;next=https%3A%2F%2Fwww.facebook.com%2Fv2.4%2Fdialog%2Foauth%3Fredirect_uri%3Dhttp%253A%252F%252Fforum.vashdom.ru%252Fregister%252Ffacebook%26state%3D8c8d145aab3050b6f0428af11a98d9c6%26scope%3Dpublic_profile%252Cemail%26client_id%3D419596481514203%26ret%3Dlogin%26logger_id%3D183ae92c-fd1a-6daf-9f7a-24e4d287a72c&amp;cancel_url=http%3A%2F%2Fforum.vashdom.ru%2Fregister%2Ffacebook%3Ferror%3Daccess_denied%26error_code%3D200%26error_description%3DPermissions%2Berror%26error_reason%3Duser_denied%26state%3D8c8d145aab3050b6f0428af11a98d9c6%23_%3D_&amp;display=page&amp;locale=pt_BR&amp;logger_id=183ae92c-fd1a-6daf-9f7a-24e4d287a72c	0.15
http://www.vashdom.ru/articles/grpindex6.htm	0.15
https://www.facebook.com/lite/	0.15
http://forum.vashdom.ru/misc/quick-navigation-menu?selected=node-28	0.15
http://www.vashdom.ru/subscribe.htm	0.15
http://forum.vashdom.ru/threads/dlina-opornyx-stoek-pod-konkovyj-progon.50468/	0.15
http://forum.vashdom.ru/members/buratino.8054/	0.15
http://www.vashdom.ru/job.htm#	0.15
http://www.vashdom.ru/abonents-2.htm	0.15
http://gallery.vashdom.ru/3.htm#	0.15
http://www.vashdom.ru/job.htm	0.15
http://ox.techart.ru/delivery/ck.php?n=c942da2	0.15
https://www.facebook.com/directory/groups/	0.15
http://forum.vashdom.ru/attachments/25863/	0.15
http://forum.vashdom.ru/threads/pristrojka-i-derevjannyj-dom.49490/	0.15
http://forum.vashdom.ru/account/dismiss-notice?notice_id=4	0.15
http://www.vashdom.ru/articles/linoleum-ili-laminat-na-chem-ostanovit-vybor.htm#	0.15
http://www.vashdom.ru/job-res-1.htm#	0.15
http://brands.vashdom.ru#	0.15
http://forum.vashdom.ru/threads/iz-chego-stroit-dom-iz-kakix-materialov-i-po-kakoj-texnologii-postroit-dom-sovety-i-rekomendacii.49422/	0.15
http://forum.vashdom.ru/attachments/23376/	0.15
http://brands.vashdom.ru/brand-cart.htm#	0.15
https://www.facebook.com/games/	0.15
http://community.livejournal.com/vashdomru/	0.15
http://forum.vashdom.ru/threads/oshibki-v-stroitelstve-rezultat.49358/	0.15
http://forum.vashdom.ru/recent-activity/	0.15
http://forum.vashdom.ru/categories/stroitelstvo-domov-i-kottedzhej.32/	0.15
http://brands.vashdom.ru/	0.15
https://tr-tr.facebook.com/login.php?skip_api_login=1&amp;api_key=419596481514203&amp;signed_next=1&amp;next=https%3A%2F%2Fwww.facebook.com%2Fv2.4%2Fdialog%2Foauth%3Fredirect_uri%3Dhttp%253A%252F%252Fforum.vashdom.ru%252Fregister%252Ffacebook%26state%3D8c8d145aab3050b6f0428af11a98d9c6%26scope%3Dpublic_profile%252Cemail%26client_id%3D419596481514203%26ret%3Dlogin%26logger_id%3D183ae92c-fd1a-6daf-9f7a-24e4d287a72c&amp;cancel_url=http%3A%2F%2Fforum.vashdom.ru%2Fregister%2Ffacebook%3Ferror%3Daccess_denied%26error_code%3D200%26error_description%3DPermissions%2Berror%26error_reason%3Duser_denied%26state%3D8c8d145aab3050b6f0428af11a98d9c6%23_%3D_&amp;display=page&amp;locale=tr_TR&amp;logger_id=183ae92c-fd1a-6daf-9f7a-24e4d287a72c	0.15
http://vashdom.ru/#	0.15
http://forum.vashdom.ru/forums/fundament-raschet-fundamenta-grunty-zalivka-fundamenta.31/	0.15
http://ox.techart.ru/delivery/ck.php?n=0535764	0.15
http://forum.vashdom.ru/attachments/23377/	0.15
http://www.vashdom.ru/vdmap.htm	0.15
http://twitter.com/vashdom	0.15
http://forum.vashdom.ru/forums/derevjannye-doma-i-bani.53/index.rss	0.15
http://forum.vashdom.ru/	0.15
https://www.facebook.com/recover/initiate?lwv=100	0.15
http://www.vashdom.ru/tender-list.htm#	0.15
http://www.101course.ru/all_courses.html	0.15
http://www.vashdom.ru/articles/#	0.15
https://fr-fr.facebook.com/login.php?skip_api_login=1&amp;api_key=419596481514203&amp;signed_next=1&amp;next=https%3A%2F%2Fwww.facebook.com%2Fv2.4%2Fdialog%2Foauth%3Fredirect_uri%3Dhttp%253A%252F%252Fforum.vashdom.ru%252Fregister%252Ffacebook%26state%3D8c8d145aab3050b6f0428af11a98d9c6%26scope%3Dpublic_profile%252Cemail%26client_id%3D419596481514203%26ret%3Dlogin%26logger_id%3D183ae92c-fd1a-6daf-9f7a-24e4d287a72c&amp;cancel_url=http%3A%2F%2Fforum.vashdom.ru%2Fregister%2Ffacebook%3Ferror%3Daccess_denied%26error_code%3D200%26error_description%3DPermissions%2Berror%26error_reason%3Duser_denied%26state%3D8c8d145aab3050b6f0428af11a98d9c6%23_%3D_&amp;display=page&amp;locale=fr_FR&amp;logger_id=183ae92c-fd1a-6daf-9f7a-24e4d287a72c	0.15
http://gallery.vashdom.ru/#	0.15
http://ox.techart.ru/delivery/ck.php?n=ba9c868	0.15
http://forum.vashdom.ru/threads/mnogo-voprosov-po-stroitelstvu-letnego-domika-i-bani.49155/	0.15
https://www.facebook.com/directory/people/	0.15
https://zh-cn.facebook.com/login.php?skip_api_login=1&amp;api_key=419596481514203&amp;signed_next=1&amp;next=https%3A%2F%2Fwww.facebook.com%2Fv2.4%2Fdialog%2Foauth%3Fredirect_uri%3Dhttp%253A%252F%252Fforum.vashdom.ru%252Fregister%252Ffacebook%26state%3D8c8d145aab3050b6f0428af11a98d9c6%26scope%3Dpublic_profile%252Cemail%26client_id%3D419596481514203%26ret%3Dlogin%26logger_id%3D183ae92c-fd1a-6daf-9f7a-24e4d287a72c&amp;cancel_url=http%3A%2F%2Fforum.vashdom.ru%2Fregister%2Ffacebook%3Ferror%3Daccess_denied%26error_code%3D200%26error_description%3DPermissions%2Berror%26error_reason%3Duser_denied%26state%3D8c8d145aab3050b6f0428af11a98d9c6%23_%3D_&amp;display=page&amp;locale=zh_CN&amp;logger_id=183ae92c-fd1a-6daf-9f7a-24e4d287a72c	0.15
http://www.vashdom.ru/job-res-add.htm#	0.15
http://ox.techart.ru/delivery/ck.php?n=0dc66a9	0.15
http://forum.vashdom.ru/threads/otdelka-doma-sajdingom-za-i-protiv.31979/	0.15
http://www.vashdom.ru/abonents.htm#	0.15
http://forum.vashdom.ru/attachments/27308/	0.15
https://en-gb.facebook.com/login.php?skip_api_login=1&amp;api_key=419596481514203&amp;signed_next=1&amp;next=https%3A%2F%2Fwww.facebook.com%2Fv2.4%2Fdialog%2Foauth%3Fredirect_uri%3Dhttp%253A%252F%252Fforum.vashdom.ru%252Fregister%252Ffacebook%26state%3D8c8d145aab3050b6f0428af11a98d9c6%26scope%3Dpublic_profile%252Cemail%26client_id%3D419596481514203%26ret%3Dlogin%26logger_id%3D183ae92c-fd1a-6daf-9f7a-24e4d287a72c&amp;cancel_url=http%3A%2F%2Fforum.vashdom.ru%2Fregister%2Ffacebook%3Ferror%3Daccess_denied%26error_code%3D200%26error_description%3DPermissions%2Berror%26error_reason%3Duser_denied%26state%3D8c8d145aab3050b6f0428af11a98d9c6%23_%3D_&amp;display=page&amp;locale=en_GB&amp;logger_id=183ae92c-fd1a-6daf-9f7a-24e4d287a72c	0.15
http://forum.vashdom.ru/threads/karkasnaja-texnologija-glazami-plotnika.50463/	0.15
http://www.vashdom.ru/sitemap.htm	0.15
http://forum.vashdom.ru/threads/remont-doma-s-chego-nachat.46970/	0.15
https://www.facebook.com/login/	0.15
https://www.facebook.com/r.php?api_key=419596481514203&amp;app_id=419596481514203&amp;cancel_url=http%3A%2F%2Fforum.vashdom.ru%2Fregister%2Ffacebook%3Ferror%3Daccess_denied%26error_code%3D200%26error_description%3DPermissions%2Berror%26error_reason%3Duser_denied%26state%3D8c8d145aab3050b6f0428af11a98d9c6%23_%3D_&amp;next=https%3A%2F%2Fwww.facebook.com%2Fv2.4%2Fdialog%2Foauth%3Fredirect_uri%3Dhttp%253A%252F%252Fforum.vashdom.ru%252Fregister%252Ffacebook%26state%3D8c8d145aab3050b6f0428af11a98d9c6%26scope%3Dpublic_profile%252Cemail%26client_id%3D419596481514203%26ret%3Dlogin%26logger_id%3D183ae92c-fd1a-6daf-9f7a-24e4d287a72c&amp;locale=ru_RU&amp;display=page	0.15
http://www.vashdom.ru/abonents-3.htm	0.15
http://forum.vashdom.ru/forums/derevjannye-doma-i-bani.53/	0.15
http://forum.vashdom.ru/help/terms	0.15
https://es-la.facebook.com/login.php?skip_api_login=1&amp;api_key=419596481514203&amp;signed_next=1&amp;next=https%3A%2F%2Fwww.facebook.com%2Fv2.4%2Fdialog%2Foauth%3Fredirect_uri%3Dhttp%253A%252F%252Fforum.vashdom.ru%252Fregister%252Ffacebook%26state%3D8c8d145aab3050b6f0428af11a98d9c6%26scope%3Dpublic_profile%252Cemail%26client_id%3D419596481514203%26ret%3Dlogin%26logger_id%3D183ae92c-fd1a-6daf-9f7a-24e4d287a72c&amp;cancel_url=http%3A%2F%2Fforum.vashdom.ru%2Fregister%2Ffacebook%3Ferror%3Daccess_denied%26error_code%3D200%26error_description%3DPermissions%2Berror%26error_reason%3Duser_denied%26state%3D8c8d145aab3050b6f0428af11a98d9c6%23_%3D_&amp;display=page&amp;locale=es_LA&amp;logger_id=183ae92c-fd1a-6daf-9f7a-24e4d287a72c	0.15
http://forum.vashdom.ru/forums/stroitelstvo-kottedzhej-dachnyx-domov-ban-garazhej.28/index.rss	0.15
http://www.vashdom.ru/abonents.htm	0.15
https://www.facebook.com/mobile/?ref=pf	0.15
http://www.vashdom.ru/subscribe.htm#	0.15
http://www.techart.ru/	0.15
http://vashdom.ru	0.15
adv@vashdom.ru?subject=Вопрос с портала Ваш Дом	0.15
http://www.vashdom.ru/goods.htm#	0.15
http://forum.vashdom.ru/threads/osteklennye-besedki.50365/	0.15
http://vashdom.ru/partners.htm#	0.15
http://forum.vashdom.ru/forums/karkasnye-doma.72/	0.15
http://www.vashdom.ru/remember_tender.htm	0.15
http://forum.vashdom.ru/misc/quick-navigation-menu?selected=node-72	0.15
https://www.facebook.com/login.php?skip_api_login=1&api_key=419596481514203&signed_next=1&next=https%3A%2F%2Fwww.facebook.com%2Fv2.4%2Fdialog%2Foauth%3Fredirect_uri%3Dhttp%253A%252F%252Fforum.vashdom.ru%252Fregister%252Ffacebook%26state%3D8c8d145aab3050b6f0428af11a98d9c6%26scope%3Dpublic_profile%252Cemail%26client_id%3D419596481514203%26ret%3Dlogin%26logger_id%3D183ae92c-fd1a-6daf-9f7a-24e4d287a72c&cancel_url=http%3A%2F%2Fforum.vashdom.ru%2Fregister%2Ffacebook%3Ferror%3Daccess_denied%26error_code%3D200%26error_description%3DPermissions%2Berror%26error_reason%3Duser_denied%26state%3D8c8d145aab3050b6f0428af11a98d9c6%23_%3D_&display=page&locale=ru_RU&logger_id=183ae92c-fd1a-6daf-9f7a-24e4d287a72c#	0.15
http://forum.vashdom.ru/attachments/27306/	0.15
http://ox.techart.ru/delivery/ck.php?n=a0a8bc8a&amp;cb=INSERT_RANDOM_NUMBER_HERE	0.15
http://vashdom.ru#	0.15
http://ox.techart.ru/delivery/ck.php?n=538c391	0.15
http://vashdom.ru/vdmap.htm#	0.15
http://vashdom.ru/	0.15
http://www.vashdom.ru/subscribe.htm#postal	0.15
http://www.vashdom.ru/partners.htm#	0.15
http://forum.vashdom.ru/threads/realno-li-bystro-vyuchitsja-na-kursax-v-moskve-i-posle-ehtogo-najti-tam-rabotu-bez-kidalova.49318/	0.15
http://board.vashdom.ru/cab-login.htm#	0.15
https://uk-ua.facebook.com/login.php?skip_api_login=1&amp;api_key=419596481514203&amp;signed_next=1&amp;next=https%3A%2F%2Fwww.facebook.com%2Fv2.4%2Fdialog%2Foauth%3Fredirect_uri%3Dhttp%253A%252F%252Fforum.vashdom.ru%252Fregister%252Ffacebook%26state%3D8c8d145aab3050b6f0428af11a98d9c6%26scope%3Dpublic_profile%252Cemail%26client_id%3D419596481514203%26ret%3Dlogin%26logger_id%3D183ae92c-fd1a-6daf-9f7a-24e4d287a72c&amp;cancel_url=http%3A%2F%2Fforum.vashdom.ru%2Fregister%2Ffacebook%3Ferror%3Daccess_denied%26error_code%3D200%26error_description%3DPermissions%2Berror%26error_reason%3Duser_denied%26state%3D8c8d145aab3050b6f0428af11a98d9c6%23_%3D_&amp;display=page&amp;locale=uk_UA&amp;logger_id=183ae92c-fd1a-6daf-9f7a-24e4d287a72c	0.15
http://forum.vashdom.ru/members/stayer.39655/	0.15
http://gallery.vashdom.ru/2.htm#	0.15
http://forum.vashdom.ru/attachments/27307/	0.15
http://forum.vashdom.ru/threads/podnjalo-poly-v-podvale-doma-kak-ispravit.50000/	0.15
http://www.vashdom.ru/abonents-3.htm#	0.15
https://www.facebook.com/r.php	0.15
http://forum.vashdom.ru/search/?type=post	0.15
http://www.vashdom.ru/tenders.htm#	0.15
http://www.vashdom.ru/goodsbr433-gotovye-proekty-domov-1.htm	0.15
http://techart.ru/about/structure.html	0.1609442060085837
http://forum.vashdom.ru/find-new/posts	0.1609442060085837
http://www.vashdom.ru/tender-list.htm	0.1609442060085837
https://www.facebook.com/directory/pages/	0.1609442060085837
http://www.facebook.com/VashDom.Ru/	0.1609442060085837
http://vashdom.ru/about.htm	0.1609442060085837
http://vashdom.ru/about.htm#	0.1609442060085837
http://www.vashdom.ru/reg.htm#	0.1609442060085837
http://forum.vashdom.ru/misc/quick-navigation-menu	0.1609442060085837
http://ox.techart.ru/delivery/ck.php?n=65e99db	0.1609442060085837
http://gallery.vashdom.ru/3.htm	0.1609442060085837
http://www.vashdom.ru/	0.16143497757847533
https://www.facebook.com/directory/celebrities/	0.16143497757847533
http://www.vashdom.ru#	0.16143497757847533
http://forum.vashdom.ru/threads/stroitelstvo-doma.49807/	0.16143497757847533
http://www.vashdom.ru/remember_tender.htm#	0.16143497757847533
http://vkontakte.ru/club30103147	0.16143497757847533
http://forum.vashdom.ru/threads/kakoj-dom-luchshe-postroit.50226/	0.16143497757847533
http://www.vashdom.ru/cab-pricectl.htm	0.16143497757847533
http://forum.vashdom.ru/threads/stroitelstvo-doma-iz-arbolitovogo-bloka-mozhno-li-ulozhitsja-v-3-mln-rub.50611/	0.16143497757847533
http://forum.vashdom.ru/register/vk?reg=1	0.16143497757847533
http://brands.vashdom.ru	0.16143497757847533
http://www.vashdom.ru/articles/	0.16143497757847533
http://www.vashdom.ru/articles/grpindex4.htm	0.16143497757847533
http://ox.techart.ru/delivery/ck.php?n=9f3eb66	0.16143497757847533
http://www.vashdom.ru/abonents-1.htm	0.16143497757847533
http://forum.vashdom.ru/members/rusframer.21167/	0.16197183098591547
http://forum.vashdom.ru/misc/quick-navigation-menu?selected=node-32	0.16197183098591547
http://forum.vashdom.ru/misc/contact	0.16197183098591547
http://gallery.vashdom.ru/1.htm	0.16631130063965882
http://forum.vashdom.ru/members/	0.16703786191536746
https://fi-fi.facebook.com/login.php?skip_api_login=1&amp;api_key=419596481514203&amp;signed_next=1&amp;next=https%3A%2F%2Fwww.facebook.com%2Fv2.4%2Fdialog%2Foauth%3Fredirect_uri%3Dhttp%253A%252F%252Fforum.vashdom.ru%252Fregister%252Ffacebook%26state%3D8c8d145aab3050b6f0428af11a98d9c6%26scope%3Dpublic_profile%252Cemail%26client_id%3D419596481514203%26ret%3Dlogin%26logger_id%3D183ae92c-fd1a-6daf-9f7a-24e4d287a72c&amp;cancel_url=http%3A%2F%2Fforum.vashdom.ru%2Fregister%2Ffacebook%3Ferror%3Daccess_denied%26error_code%3D200%26error_description%3DPermissions%2Berror%26error_reason%3Duser_denied%26state%3D8c8d145aab3050b6f0428af11a98d9c6%23_%3D_&amp;display=page&amp;locale=fi_FI&amp;logger_id=183ae92c-fd1a-6daf-9f7a-24e4d287a72c	0.16703786191536746
http://www.vashdom.ru/job-res-add.htm	0.16703786191536746
https://www.facebook.com/directory/places/	0.16703786191536746
http://vashdom.ru/vdmap.htm	0.16703786191536746
http://forum.vashdom.ru/forums/stroitelstvo-kottedzhej-dachnyx-domov-ban-garazhej.28/	0.16703786191536746
http://forum.vashdom.ru/login/	0.16703786191536746
http://www.vashdom.ru/reg.htm	0.16783216783216784
http://www.vashdom.ru/about.htm	0.16783216783216784
https://www.facebook.com/	0.16783216783216784
http://gallery.vashdom.ru/	0.16783216783216784
http://www.vashdom.ru/abonents-2.htm#	0.16917293233082706
http://www.lesograd.ru/	0.17191977077363899
http://www.vashdom.ru/price-new.htm	0.17361111111111113
http://www.vashdom.ru/tender-reg.htm#	0.17361111111111113
http://forum.vashdom.ru/attachments/22890/	0.17361111111111113
http://www.vashdom.ru/subscribe.htm#delivery	0.17475728155339806
http://www.vashdom.ru/rules-abonement.htm	0.17475728155339806
http://ox.techart.ru/delivery/ck.php?n=d4a8c0a	0.17602040816326534
http://brands.vashdom.ru/brand-cart.htm	0.17602040816326534
http://forum.vashdom.ru/misc/quick-navigation-menu?selected=node-53	0.18072289156626495
http://forum.vashdom.ru/misc/quick-navigation-menu?selected=node-55	0.1866028708133958
https://de-de.facebook.com/login.php?skip_api_login=1&amp;api_key=419596481514203&amp;signed_next=1&amp;next=https%3A%2F%2Fwww.facebook.com%2Fv2.4%2Fdialog%2Foauth%3Fredirect_uri%3Dhttp%253A%252F%252Fforum.vashdom.ru%252Fregister%252Ffacebook%26state%3D8c8d145aab3050b6f0428af11a98d9c6%26scope%3Dpublic_profile%252Cemail%26client_id%3D419596481514203%26ret%3Dlogin%26logger_id%3D183ae92c-fd1a-6daf-9f7a-24e4d287a72c&amp;cancel_url=http%3A%2F%2Fforum.vashdom.ru%2Fregister%2Ffacebook%3Ferror%3Daccess_denied%26error_code%3D200%26error_description%3DPermissions%2Berror%26error_reason%3Duser_denied%26state%3D8c8d145aab3050b6f0428af11a98d9c6%23_%3D_&amp;display=page&amp;locale=de_DE&amp;logger_id=183ae92c-fd1a-6daf-9f7a-24e4d287a72c	0.19239904988122142
http://www.vashdom.ru/tender-reg.htm	0.1968503937007222
http://forum.vashdom.ru/forums/doma-iz-kirpicha-i-stroitelnyx-blokov.55/	0.23225806429687315
http://www.vashdom.ru/articles/hudozhestvennaya-obrabotka-naturalnogo-kamnya.htm#	0.2533783743179522
http://forum.vashdom.ru/register/google?reg=1	0.2796609590626843
http://www.vashdom.ru/about.htm#	0.30612202204962313
http://www.vashdom.ru/group29-arhitektura-i-dizain.htm	0.3238623753066399
http://www.vashdom.ru/tender-add.htm#	1579900.0889267863
http://www.vashdom.ru/partners.htm	1579900.0889267863
http://www.vashdom.ru	1579900.0889267863
http://ox.techart.ru/delivery/ck.php?n=9cba819	1579900.0889267863
http://forum.vashdom.ru/forums/garazhi-besedki-xoz-postrojki-zabory-vorota.58/	1579900.0889267863
http://forum.vashdom.ru/threads/zagorodnyj-dom-bez-myshej.46986/	1579900.0889267863
http://www.vashdom.ru/group29-arhitektura-i-dizain.htm#	1579900.0889267863
http://www.vashdom.ru/vdmap.htm#	3444187.7909299694
http://www.vashdom.ru/login.htm#	4253894.139972397
https://www.facebook.com/r.php?locale=ru_RU	750038.2457107638
http://ox.techart.ru/delivery/ck.php?n=b4fdf7d	750038.2457107638
http://www.vashdom.ru/help.htm	750038.2457107638
http://www.vashdom.ru/sitemap.htm#	750038.2457107638
http://www.vashdom.ru/goodsbr433-gotovye-proekty-domov-1.htm#	750038.2457107638
http://forum.vashdom.ru/forums/otchety-i-foto-o-stroitelstve.100/	750038.2457107638
http://ox.techart.ru/delivery/ck.php?n=0b22ac2	750038.2457107638
http://gallery.vashdom.ru/2.htm	995023.0340874593
