	http://www.vashdom.ru/abonents-1.htm	adv@vashdom.ru?subject=Вопрос с портала Ваш Дом	http://www.vashdom.ru/job-res-1.htm#	http://www.vashdom.ru/goods.htm#	http://www.vashdom.ru/goods.htm	http://www.vashdom.ru/articles/svetodiody-ne-boyatsya-holoda-i.htm	http://www.vashdom.ru/price-new.htm#	http://board.vashdom.ru/	http://www.vashdom.ru/help.htm#	http://www.vashdom.ru/remember_tender.htm	http://community.livejournal.com/vashdomru/	http://www.vashdom.ru/job-res-add.htm	http://forum.vashdom.ru/login/	http://www.vashdom.ru/reg.htm	http://www.vashdom.ru/about.htm	http://www.vashdom.ru/subscribe.htm#postal	http://www.vashdom.ru/partners.htm#	http://www.vashdom.ru/vdmap.htm	http://twitter.com/vashdom	http://gallery.vashdom.ru/	http://www.vashdom.ru/abonents-2.htm#	http://forum.vashdom.ru/	http://www.vashdom.ru/price-new.htm	http://www.vashdom.ru/articles/vmesto-solnca-kak-ustroena-infrakrasnaya-kabina-b-intense.htm	http://www.vashdom.ru/job-res-1.htm	http://www.vashdom.ru/tender-reg.htm#	http://www.vashdom.ru/tender-list.htm#	http://www.vashdom.ru/tender-add.htm	http://www.vashdom.ru/articles/#	http://www.vashdom.ru/subscribe.htm#delivery	http://www.vashdom.ru/rules-abonement.htm	http://www.vashdom.ru/abonents-3.htm#	http://www.vashdom.ru/articles/svetodiody-ne-boyatsya-holoda-i.htm#	http://www.vashdom.ru/rules-abonement.htm#	http://www.vashdom.ru/articles/grpindex29-2.htm#	http://www.vashdom.ru/tenders.htm	http://www.vashdom.ru/articles/grpindex29.htm#	http://www.vashdom.ru/tenders.htm#	http://www.vashdom.ru/goodsbr433-gotovye-proekty-domov-1.htm	http://www.vashdom.ru/tender-reg.htm	http://www.vashdom.ru/job-res-add.htm#	http://www.vashdom.ru/about.htm#	http://techart.ru/about/structure.html	http://www.vashdom.ru/articles/grpindex29-1.htm#	http://www.vashdom.ru/group29-arhitektura-i-dizain.htm	http://www.vashdom.ru/tender-add.htm#	http://www.vashdom.ru/partners.htm	http://www.vashdom.ru	http://www.vashdom.ru/abonents.htm#	http://www.vashdom.ru/tender-list.htm	http://www.vashdom.ru/subscribe.htm	http://www.facebook.com/VashDom.Ru/	http://www.vashdom.ru/sitemap.htm	http://www.vashdom.ru/group29-arhitektura-i-dizain.htm#	http://www.vashdom.ru/vdmap.htm#	http://www.vashdom.ru/reg.htm#	http://www.vashdom.ru/articles/vmesto-solnca-kak-ustroena-infrakrasnaya-kabina-b-intense.htm#	http://www.vashdom.ru/login.htm#	http://www.vashdom.ru/abonents-3.htm	http://www.vashdom.ru/	http://www.vashdom.ru/job.htm#	http://www.vashdom.ru/abonents-2.htm	http://www.vashdom.ru/job.htm	http://www.vashdom.ru/remember_tender.htm#	http://www.vashdom.ru/#	http://www.vashdom.ru/help.htm	http://vkontakte.ru/club30103147	http://www.vashdom.ru/sitemap.htm#	http://www.vashdom.ru/articles/grpindex29-1.htm	http://www.vashdom.ru/cab-pricectl.htm	http://www.vashdom.ru/articles/grpindex29-2.htm	http://www.vashdom.ru/abonents.htm	http://www.vashdom.ru/goodsbr433-gotovye-proekty-domov-1.htm#	http://brands.vashdom.ru	http://www.vashdom.ru/articles/	http://www.vashdom.ru/subscribe.htm#	http://www.techart.ru/	http://www.vashdom.ru/articles/grpindex29.htm
	http://www.vashdom.ru/abonents-1.htm	0	0	0	0	1	0	0	1	0	0	1	0	0	1	1	0	0	1	1	1	0	1	1	0	0	0	0	0	0	0	0	0	0	0	0	1	0	0	0	0	0	0	0	0	0	0	0	1	1	0	1	1	1	0	0	0	0	0	1	0	0	1	1	0	0	1	1	0	0	1	0	1	0	1	1	0	0	0
	adv@vashdom.ru?subject=Вопрос с портала Ваш Дом	0	0	0	0	0	0	0	0	0	0	0	0	0	0	0	0	0	0	0	0	0	0	0	0	0	0	0	0	0	0	0	0	0	0	0	0	0	0	0	0	0	0	0	0	0	0	0	0	0	0	0	0	0	0	0	0	0	0	0	0	0	0	0	0	0	0	0	0	0	0	0	0	0	0	0	0	0	0
	http://www.vashdom.ru/job-res-1.htm#	0	0	0	0	1	0	0	1	0	0	1	1	0	1	1	0	0	1	1	1	0	1	1	0	0	0	0	0	0	0	0	0	0	0	0	1	0	0	0	0	0	0	0	0	0	0	0	1	0	0	1	1	1	0	0	0	0	0	0	0	0	0	1	0	0	1	1	0	0	1	0	1	0	1	1	0	0	0
	http://www.vashdom.ru/goods.htm#	0	0	0	0	1	0	0	1	0	0	1	0	0	1	1	0	0	1	1	1	0	1	1	0	0	0	0	0	0	0	0	0	0	0	0	1	0	0	0	0	0	0	0	0	1	0	0	1	0	0	1	1	1	0	0	0	0	0	0	0	0	0	1	0	0	1	1	0	0	1	0	1	0	1	1	0	0	0
	http://www.vashdom.ru/goods.htm	0	0	0	1	0	0	0	1	0	0	1	0	0	1	1	0	0	1	1	1	0	1	1	0	0	0	0	0	0	0	0	0	0	0	0	1	0	0	0	0	0	0	0	0	1	0	0	1	0	0	1	1	1	0	0	0	0	0	0	0	0	0	1	0	0	1	1	0	0	1	0	1	0	1	1	0	0	0
	http://www.vashdom.ru/articles/svetodiody-ne-boyatsya-holoda-i.htm	0	0	0	0	1	0	0	1	0	0	1	0	0	1	1	0	0	1	1	1	0	1	1	0	0	0	0	0	0	0	0	0	1	0	0	1	0	0	0	0	0	0	0	0	0	0	0	1	0	0	1	1	1	0	0	0	0	0	0	0	0	0	1	0	0	1	1	0	0	1	0	1	0	1	1	0	0	1
	http://www.vashdom.ru/price-new.htm#	0	1	0	0	1	0	0	1	0	0	1	0	0	1	1	0	0	1	1	1	0	1	1	0	0	0	0	0	0	0	0	0	0	0	0	1	0	0	0	0	0	0	0	0	0	0	0	1	0	0	1	1	1	0	0	0	0	0	0	0	0	0	1	0	0	1	1	0	0	1	0	1	0	1	1	0	1	0
	http://board.vashdom.ru/	0	0	0	0	0	0	0	0	0	0	0	0	0	0	0	0	0	0	0	0	0	0	0	0	0	0	0	0	0	0	0	0	0	0	0	0	0	0	0	0	0	0	0	0	0	0	0	0	0	0	0	0	0	0	0	0	0	0	0	0	0	0	0	0	0	0	0	0	0	0	0	0	0	0	0	0	0	0
	http://www.vashdom.ru/help.htm#	0	0	0	0	1	0	0	1	0	0	1	0	0	1	1	0	0	1	1	1	0	1	1	0	0	0	0	0	0	0	0	0	0	0	0	1	0	0	0	0	0	0	0	0	0	0	0	1	0	0	1	1	1	0	0	0	0	0	0	0	0	0	1	0	0	1	1	0	0	1	0	1	0	1	1	0	0	0
	http://www.vashdom.ru/remember_tender.htm	0	0	0	0	1	0	0	1	0	0	1	0	0	1	1	0	0	1	1	1	0	1	1	0	0	0	0	0	0	0	0	0	0	0	0	1	0	0	0	0	0	0	1	0	0	0	0	1	0	0	1	1	1	0	0	0	0	0	0	0	0	0	1	1	0	1	1	0	0	1	0	1	0	1	1	0	0	0
	http://community.livejournal.com/vashdomru/	0	0	0	0	0	0	0	0	0	0	0	0	0	0	0	0	0	0	0	0	0	0	0	0	0	0	0	0	0	0	0	0	0	0	0	0	0	0	0	0	0	0	0	0	0	0	0	0	0	0	0	0	0	0	0	0	0	0	0	0	0	0	0	0	0	0	0	0	0	0	0	0	0	0	0	0	0	0
	http://www.vashdom.ru/job-res-add.htm	0	0	0	0	1	0	0	1	0	0	1	0	0	1	1	0	0	1	1	1	0	1	1	0	1	0	0	0	0	0	0	0	0	0	0	1	0	0	0	0	1	0	1	0	0	0	0	1	0	0	1	1	1	0	0	0	0	0	0	0	0	0	1	0	0	1	1	0	0	1	0	1	0	1	1	0	0	0
	http://forum.vashdom.ru/login/	0	0	0	0	0	0	0	0	0	0	0	0	0	0	0	0	0	0	0	0	0	0	0	0	0	0	0	0	0	0	0	0	0	0	0	0	0	0	0	0	0	0	0	0	0	0	0	0	0	0	0	0	0	0	0	0	0	0	0	0	0	0	0	0	0	0	0	0	0	0	0	0	0	0	0	0	0	0
	http://www.vashdom.ru/reg.htm	0	0	0	0	1	0	0	1	0	0	1	0	0	0	1	0	0	1	1	1	0	1	1	0	0	0	0	0	0	0	1	0	0	0	0	1	0	0	0	0	0	0	0	0	0	0	0	1	0	0	1	1	1	0	0	1	0	0	0	0	0	0	1	0	0	1	1	0	0	1	0	1	0	1	1	0	0	0
	http://www.vashdom.ru/about.htm	0	0	0	0	1	0	0	1	0	0	1	0	0	1	0	0	0	1	1	1	0	1	1	0	0	0	0	0	0	0	0	0	0	0	0	1	0	0	0	0	0	1	0	0	0	0	1	1	0	0	1	1	1	0	0	0	0	0	0	0	0	0	1	0	0	1	1	0	0	1	0	1	0	1	1	0	0	0
	http://www.vashdom.ru/subscribe.htm#postal	0	0	0	0	1	0	0	1	0	0	1	0	0	1	1	0	0	1	1	1	0	1	1	0	0	0	0	0	0	1	0	0	0	0	0	1	0	0	0	0	0	0	0	0	0	0	0	1	0	0	1	1	1	0	0	0	0	0	0	0	0	0	1	0	0	1	1	0	0	1	0	1	0	1	1	1	0	0
	http://www.vashdom.ru/partners.htm#	0	0	0	0	1	0	0	1	0	0	1	0	0	1	1	0	0	1	1	1	0	1	1	0	0	0	0	0	0	0	0	0	0	0	0	1	0	0	0	0	0	0	0	0	0	0	0	1	0	0	1	1	1	0	0	0	0	0	0	0	0	0	1	0	0	1	1	0	0	1	0	1	0	1	1	0	0	0
	http://www.vashdom.ru/vdmap.htm	0	0	0	0	1	0	0	1	0	0	1	0	0	1	1	0	0	0	1	1	0	1	1	0	0	0	0	0	0	0	0	0	0	0	0	1	0	0	0	0	0	0	0	0	0	0	1	1	0	0	1	1	1	0	1	0	0	0	0	0	0	0	1	0	0	1	1	0	0	1	0	1	0	1	1	0	0	0
	http://twitter.com/vashdom	0	0	0	0	0	0	0	0	0	0	0	0	0	0	0	0	0	0	0	0	0	0	0	0	0	0	0	0	0	0	0	0	0	0	0	0	0	0	0	0	0	0	0	0	0	0	0	0	0	0	0	0	0	0	0	0	0	0	0	0	0	0	0	0	0	0	0	0	0	0	0	0	0	0	0	0	0	0
	http://gallery.vashdom.ru/	0	0	0	0	0	0	0	0	0	0	0	0	0	0	0	0	0	0	0	0	0	0	0	0	0	0	0	0	0	0	0	0	0	0	0	0	0	0	0	0	0	0	0	0	0	0	0	0	0	0	0	0	0	0	0	0	0	0	0	0	0	0	0	0	0	0	0	0	0	0	0	0	0	0	0	0	0	0
	http://www.vashdom.ru/abonents-2.htm#	1	0	0	0	1	0	0	1	0	0	1	0	0	1	1	0	0	1	1	1	0	1	1	0	0	0	0	0	0	0	0	0	0	0	0	1	0	0	0	0	0	0	0	0	0	0	0	1	0	0	1	1	1	0	0	0	0	0	1	0	0	0	1	0	0	1	1	0	0	1	0	1	0	1	1	0	0	0
	http://forum.vashdom.ru/	0	0	0	0	0	0	0	0	0	0	0	0	0	0	0	0	0	0	0	0	0	0	0	0	0	0	0	0	0	0	0	0	0	0	0	0	0	0	0	0	0	0	0	0	0	0	0	0	0	0	0	0	0	0	0	0	0	0	0	0	0	0	0	0	0	0	0	0	0	0	0	0	0	0	0	0	0	0
	http://www.vashdom.ru/price-new.htm	0	1	0	0	1	0	1	1	0	0	1	0	0	1	1	0	0	1	1	1	0	1	0	0	0	0	0	0	0	0	0	0	0	0	0	1	0	0	0	0	0	0	0	0	0	0	0	1	0	0	1	1	1	0	0	0	0	0	0	0	0	0	1	0	0	1	1	0	0	1	0	1	0	1	1	0	1	0
	http://www.vashdom.ru/articles/vmesto-solnca-kak-ustroena-infrakrasnaya-kabina-b-intense.htm	0	0	0	0	1	0	0	1	0	0	1	0	0	1	1	0	0	1	1	1	0	1	1	0	0	0	0	0	0	0	0	0	0	0	0	1	0	0	0	0	0	0	0	0	0	0	0	1	0	0	1	1	1	0	0	0	1	0	0	0	0	0	1	0	0	1	1	0	0	1	0	1	0	1	1	0	0	1
	http://www.vashdom.ru/job-res-1.htm	0	0	1	0	1	0	0	1	0	0	1	1	0	1	1	0	0	1	1	1	0	1	1	0	0	0	0	0	0	0	0	0	0	0	0	1	0	0	0	0	0	0	0	0	0	0	0	1	0	0	1	1	1	0	0	0	0	0	0	0	0	0	1	0	0	1	1	0	0	1	0	1	0	1	1	0	0	0
	http://www.vashdom.ru/tender-reg.htm#	0	0	0	0	1	0	0	1	0	0	1	0	0	1	1	0	0	1	1	1	0	1	1	0	0	0	0	0	0	0	0	0	0	0	0	1	0	0	0	0	0	0	0	0	0	0	0	1	0	1	1	1	1	0	0	0	0	0	0	0	0	0	1	0	0	1	1	0	0	1	0	1	0	1	1	0	0	0
	http://www.vashdom.ru/tender-list.htm#	0	0	0	0	1	0	0	1	0	1	1	0	0	1	1	0	0	1	1	1	0	1	1	0	0	0	0	0	0	0	0	0	0	0	0	1	0	0	0	0	0	0	0	0	0	0	0	1	0	0	1	1	1	0	0	0	0	0	0	0	0	0	1	0	0	1	1	0	0	1	0	1	0	1	1	0	0	0
	http://www.vashdom.ru/tender-add.htm	0	0	0	0	1	0	0	1	0	1	1	0	0	1	1	0	0	1	1	1	0	1	1	0	0	0	0	0	0	0	0	0	0	0	0	1	0	0	0	0	0	0	0	0	0	1	0	1	0	0	1	1	1	0	0	0	0	0	0	0	0	0	1	0	0	1	1	0	0	1	0	1	0	1	1	0	0	0
	http://www.vashdom.ru/articles/#	0	0	0	0	1	1	0	1	0	0	1	0	0	1	1	0	0	1	1	1	0	1	1	1	0	0	0	0	0	0	0	0	0	0	0	1	0	0	0	0	0	0	0	0	0	0	0	1	0	0	1	1	1	0	0	0	0	0	0	0	0	0	1	0	0	1	1	0	0	1	0	1	0	1	1	0	0	0
	http://www.vashdom.ru/subscribe.htm#delivery	0	0	0	0	1	0	0	1	0	0	1	0	0	1	1	1	0	1	1	1	0	1	1	0	0	0	0	0	0	0	0	0	0	0	0	1	0	0	0	0	0	0	0	0	0	0	0	1	0	0	1	1	1	0	0	0	0	0	0	0	0	0	1	0	0	1	1	0	0	1	0	1	0	1	1	1	0	0
	http://www.vashdom.ru/rules-abonement.htm	0	0	0	0	1	0	0	1	0	0	1	0	0	1	1	0	0	1	1	1	0	1	1	0	0	0	0	0	0	0	0	0	0	1	0	1	0	0	0	0	0	0	0	0	0	0	0	1	0	0	1	1	1	0	0	0	0	0	0	0	0	0	1	0	0	1	1	0	0	1	0	1	0	1	1	0	0	0
	http://www.vashdom.ru/abonents-3.htm#	1	0	0	0	1	0	0	1	0	0	1	0	0	1	1	0	0	1	1	1	0	1	1	0	0	0	0	0	0	0	0	0	0	0	0	1	0	0	0	0	0	0	0	0	0	0	0	1	0	0	1	1	1	0	0	0	0	0	0	0	0	1	1	0	0	1	1	0	0	1	0	1	0	1	1	0	0	0
	http://www.vashdom.ru/articles/svetodiody-ne-boyatsya-holoda-i.htm#	0	0	0	0	1	0	0	1	0	0	1	0	0	1	1	0	0	1	1	1	0	1	1	0	0	0	0	0	0	0	0	0	0	0	0	1	0	0	0	0	0	0	0	0	0	0	0	1	0	0	1	1	1	0	0	0	0	0	0	0	0	0	1	0	0	1	1	0	0	1	0	1	0	1	1	0	0	1
	http://www.vashdom.ru/rules-abonement.htm#	0	0	0	0	1	0	0	1	0	0	1	0	0	1	1	0	0	1	1	1	0	1	1	0	0	0	0	0	0	0	0	0	0	0	0	1	0	0	0	0	0	0	0	0	0	0	0	1	0	0	1	1	1	0	0	0	0	0	0	0	0	0	1	0	0	1	1	0	0	1	0	1	0	1	1	0	0	0
	http://www.vashdom.ru/articles/grpindex29-2.htm#	0	0	0	0	1	0	0	1	0	0	1	0	0	1	1	0	0	1	1	1	0	1	1	0	0	0	0	0	0	0	0	0	0	0	0	1	0	0	0	0	0	0	0	0	0	0	0	1	0	0	1	1	1	0	0	0	0	0	0	0	0	0	1	0	0	1	1	0	1	1	0	1	0	1	1	0	0	0
	http://www.vashdom.ru/tenders.htm	0	0	0	0	1	0	0	1	0	0	1	0	0	1	1	0	0	1	1	1	0	1	1	0	0	0	0	0	0	0	0	0	0	0	0	0	0	1	0	1	0	0	0	0	0	0	0	1	0	1	1	1	1	0	0	0	0	0	0	0	0	0	1	0	0	1	1	0	0	1	0	1	0	1	1	0	0	0
	http://www.vashdom.ru/articles/grpindex29.htm#	0	0	0	0	1	0	0	1	0	0	1	0	0	1	1	0	0	1	1	1	0	1	1	0	0	0	0	0	0	0	0	0	0	0	0	1	0	0	0	0	0	0	0	0	0	0	0	1	0	0	1	1	1	0	0	0	0	0	0	0	0	0	1	0	0	1	1	0	0	1	1	1	0	1	1	0	0	0
	http://www.vashdom.ru/tenders.htm#	0	0	0	0	1	0	0	1	0	0	1	0	0	1	1	0	0	1	1	1	0	1	1	0	0	0	0	0	0	0	0	0	0	0	0	1	0	0	0	1	0	0	0	0	0	0	0	1	0	1	1	1	1	0	0	0	0	0	0	0	0	0	1	0	0	1	1	0	0	1	0	1	0	1	1	0	0	0
	http://www.vashdom.ru/goodsbr433-gotovye-proekty-domov-1.htm	0	0	0	0	1	0	0	1	0	0	1	0	0	1	1	0	0	1	1	1	0	1	1	0	0	0	0	0	0	0	0	0	0	0	0	1	0	0	0	0	0	0	0	0	1	0	0	1	0	0	1	1	1	0	0	0	0	0	0	0	0	0	1	0	0	1	1	0	0	1	0	1	1	1	1	0	0	0
	http://www.vashdom.ru/tender-reg.htm	0	0	0	0	1	0	0	1	0	0	1	0	0	1	1	0	0	1	1	1	0	1	1	0	0	1	0	0	0	0	0	0	0	0	0	1	0	0	0	0	0	0	0	0	0	0	0	1	0	1	1	1	1	0	0	0	0	0	0	0	0	0	1	0	0	1	1	0	0	1	0	1	0	1	1	0	0	0
	http://www.vashdom.ru/job-res-add.htm#	0	0	0	0	1	0	0	1	0	0	1	0	0	1	1	0	0	1	1	1	0	1	1	0	1	0	0	0	0	0	0	0	0	0	0	1	0	0	0	0	0	0	1	0	0	0	0	1	0	0	1	1	1	0	0	0	0	0	0	0	0	0	1	0	0	1	1	0	0	1	0	1	0	1	1	0	0	0
	http://www.vashdom.ru/about.htm#	0	0	0	0	1	0	0	1	0	0	1	0	0	1	1	0	0	1	1	1	0	1	1	0	0	0	0	0	0	0	0	0	0	0	0	1	0	0	0	0	0	0	0	0	0	0	1	1	0	0	1	1	1	0	0	0	0	0	0	0	0	0	1	0	0	1	1	0	0	1	0	1	0	1	1	0	0	0
	http://techart.ru/about/structure.html	0	0	0	0	0	0	0	0	0	0	0	0	0	0	0	0	0	0	0	0	0	0	0	0	0	0	0	0	0	0	0	0	0	0	0	0	0	0	0	0	0	0	0	0	0	0	0	0	0	0	0	0	0	0	0	0	0	0	0	0	0	0	0	0	0	0	0	0	0	0	0	0	0	0	0	0	0	0
	http://www.vashdom.ru/articles/grpindex29-1.htm#	0	0	0	0	1	0	0	1	0	0	1	0	0	1	1	0	0	1	1	1	0	1	1	0	0	0	0	0	0	0	0	0	0	0	0	1	0	0	0	0	0	0	0	0	0	0	0	1	0	0	1	1	1	0	0	0	0	0	0	0	0	0	1	0	0	1	1	0	0	1	1	1	0	1	1	0	0	0
	http://www.vashdom.ru/group29-arhitektura-i-dizain.htm	0	0	0	0	1	0	0	1	0	0	1	0	0	1	1	0	0	1	1	1	0	1	1	0	0	0	0	0	0	0	0	0	0	0	0	1	0	0	1	0	0	0	0	0	0	0	0	1	0	0	1	1	1	1	0	0	0	0	0	0	0	0	1	0	0	1	1	0	0	1	0	1	0	1	1	0	0	0
	http://www.vashdom.ru/tender-add.htm#	0	0	0	0	1	0	0	1	0	1	1	0	0	1	1	0	0	1	1	1	0	1	1	0	0	0	0	0	0	0	0	0	0	0	0	1	0	0	0	0	0	0	0	0	0	0	0	1	0	0	1	1	1	0	0	0	0	0	0	0	0	0	1	0	0	1	1	0	0	1	0	1	0	1	1	0	0	0
	http://www.vashdom.ru/partners.htm	0	0	0	0	1	0	0	1	0	0	1	0	0	1	1	0	1	1	1	1	0	1	1	0	0	0	0	0	0	0	0	0	0	0	0	1	0	0	0	0	0	0	0	0	0	0	0	1	0	0	1	1	1	0	0	0	0	0	0	0	0	0	1	0	0	1	1	0	0	1	0	1	0	1	1	0	0	0
	http://www.vashdom.ru	0	0	0	0	0	0	0	0	0	0	0	0	0	0	0	0	0	0	0	0	0	0	0	0	0	0	0	0	0	0	0	0	0	0	0	0	0	0	0	0	0	0	0	0	0	0	0	0	0	0	0	0	0	0	0	0	0	0	0	0	0	0	0	0	0	0	0	0	0	0	0	0	0	0	0	0	0	0
	http://www.vashdom.ru/abonents.htm#	0	0	0	0	1	0	0	1	0	0	1	0	0	1	1	0	0	1	1	1	0	1	1	0	0	0	0	0	0	0	0	0	0	0	0	1	0	0	0	0	0	0	0	0	0	0	0	1	0	0	1	1	1	0	0	0	0	0	1	0	0	1	1	0	0	1	1	0	0	1	0	1	0	1	1	0	0	0
	http://www.vashdom.ru/tender-list.htm	0	0	0	0	1	0	0	1	0	1	1	0	0	1	1	0	0	1	1	1	0	1	1	0	0	0	1	0	0	0	0	0	0	0	0	1	0	0	0	0	0	0	0	0	0	0	0	1	0	0	1	1	1	0	0	0	0	0	0	0	0	0	1	0	0	1	1	0	0	1	0	1	0	1	1	0	0	0
	http://www.vashdom.ru/subscribe.htm	0	0	0	0	1	0	0	1	0	0	1	0	0	1	1	1	0	1	1	1	0	1	1	0	0	0	0	0	0	1	0	0	0	0	0	1	0	0	0	0	0	0	0	0	0	0	0	1	0	0	0	1	1	0	0	0	0	0	0	0	0	0	1	0	0	1	1	0	0	1	0	1	0	1	1	1	0	0
	http://www.facebook.com/VashDom.Ru/	0	0	0	0	0	0	0	0	0	0	0	0	0	0	0	0	0	0	0	0	0	0	0	0	0	0	0	0	0	0	0	0	0	0	0	0	0	0	0	0	0	0	0	0	0	0	0	0	0	0	0	0	0	0	0	0	0	0	0	0	0	0	0	0	0	0	0	0	0	0	0	0	0	0	0	0	0	0
	http://www.vashdom.ru/sitemap.htm	0	0	0	0	1	0	0	1	0	0	1	0	0	1	1	0	0	1	1	1	0	1	1	0	0	0	0	0	0	0	0	0	0	0	0	1	0	0	0	0	0	0	0	0	1	0	0	1	0	0	1	1	0	0	0	0	0	0	0	0	0	0	1	0	0	1	1	1	0	1	0	1	0	1	1	0	0	0
	http://www.vashdom.ru/group29-arhitektura-i-dizain.htm#	0	0	0	0	1	0	0	1	0	0	1	0	0	1	1	0	0	1	1	1	0	1	1	0	0	0	0	0	0	0	0	0	0	0	0	1	0	0	1	0	0	0	0	0	0	0	0	1	0	0	1	1	1	0	0	0	0	0	0	0	0	0	1	0	0	1	1	0	0	1	0	1	0	1	1	0	0	0
	http://www.vashdom.ru/vdmap.htm#	0	0	0	0	1	0	0	1	0	0	1	0	0	1	1	0	0	1	1	1	0	1	1	0	0	0	0	0	0	0	0	0	0	0	0	1	0	0	0	0	0	0	0	0	0	0	1	1	0	0	1	1	1	0	0	0	0	0	0	0	0	0	1	0	0	1	1	0	0	1	0	1	0	1	1	0	0	0
	http://www.vashdom.ru/reg.htm#	0	0	0	0	1	0	0	1	0	0	1	0	0	1	1	0	0	1	1	1	0	1	1	0	0	0	0	0	0	0	1	0	0	0	0	1	0	0	0	0	0	0	0	0	0	0	0	1	0	0	1	1	1	0	0	0	0	0	0	0	0	0	1	0	0	1	1	0	0	1	0	1	0	1	1	0	0	0
	http://www.vashdom.ru/articles/vmesto-solnca-kak-ustroena-infrakrasnaya-kabina-b-intense.htm#	0	0	0	0	1	0	0	1	0	0	1	0	0	1	1	0	0	1	1	1	0	1	1	0	0	0	0	0	0	0	0	0	0	0	0	1	0	0	0	0	0	0	0	0	0	0	0	1	0	0	1	1	1	0	0	0	0	0	0	0	0	0	1	0	0	1	1	0	0	1	0	1	0	1	1	0	0	1
	http://www.vashdom.ru/login.htm#	0	0	0	0	1	0	0	1	0	0	1	0	1	1	1	0	0	1	1	1	0	1	1	0	0	0	0	1	0	0	0	0	0	0	0	1	0	0	0	0	0	0	0	0	0	0	0	1	0	0	1	1	1	0	0	0	0	0	0	0	0	0	1	0	0	1	1	0	0	1	0	1	0	1	1	0	0	0
	http://www.vashdom.ru/abonents-3.htm	1	0	0	0	1	0	0	1	0	0	1	0	0	1	1	0	0	1	1	1	0	1	1	0	0	0	0	0	0	0	0	1	0	0	0	1	0	0	0	0	0	0	0	0	0	0	0	1	0	0	1	1	1	0	0	0	0	0	0	0	0	1	1	0	0	1	1	0	0	1	0	1	0	1	1	0	0	0
	http://www.vashdom.ru/	0	0	0	0	1	0	0	1	0	0	1	0	0	1	1	0	0	1	1	1	0	1	1	0	0	0	0	0	0	0	0	0	0	0	0	1	0	0	0	0	0	0	0	0	1	0	0	1	0	0	1	1	1	0	0	0	0	0	0	0	0	0	1	0	1	1	1	0	0	1	0	1	0	1	1	0	0	0
	http://www.vashdom.ru/job.htm#	0	0	0	0	1	0	0	1	0	0	1	1	0	1	1	0	0	1	1	1	0	1	1	0	1	0	0	0	0	0	0	0	0	0	0	1	0	0	0	0	0	0	0	0	0	0	0	1	0	0	1	1	1	0	0	0	0	0	0	0	0	0	1	0	0	1	1	0	0	1	0	1	0	1	1	0	0	0
	http://www.vashdom.ru/abonents-2.htm	1	0	0	0	1	0	0	1	0	0	1	0	0	1	1	0	0	1	1	1	1	1	1	0	0	0	0	0	0	0	0	0	0	0	0	1	0	0	0	0	0	0	0	0	0	0	0	1	0	0	1	1	1	0	0	0	0	0	1	0	0	0	1	0	0	1	1	0	0	1	0	1	0	1	1	0	0	0
	http://www.vashdom.ru/job.htm	0	0	0	0	1	0	0	1	0	0	1	1	0	1	1	0	0	1	1	1	0	1	1	0	1	0	0	0	0	0	0	0	0	0	0	1	0	0	0	0	0	0	0	0	0	0	0	1	0	0	1	1	1	0	0	0	0	0	0	0	1	0	0	0	0	1	1	0	0	1	0	1	0	1	1	0	0	0
	http://www.vashdom.ru/remember_tender.htm#	0	0	0	0	1	0	0	1	0	0	1	0	0	1	1	0	0	1	1	1	0	1	1	0	0	0	0	0	0	0	0	0	0	0	0	1	0	0	0	0	0	0	1	0	0	0	0	1	0	0	1	1	1	0	0	0	0	0	0	0	0	0	1	0	0	1	1	0	0	1	0	1	0	1	1	0	0	0
	http://www.vashdom.ru/#	0	0	0	0	1	0	0	1	0	0	1	0	0	1	1	0	0	1	1	1	0	1	1	0	0	0	0	0	0	0	0	0	0	0	0	1	0	0	0	0	0	0	0	0	1	0	0	1	0	0	1	1	1	0	0	0	0	0	0	0	0	0	1	0	0	1	1	0	0	1	0	1	0	1	1	0	0	0
	http://www.vashdom.ru/help.htm	0	0	0	0	1	0	0	1	1	0	1	0	0	1	1	0	0	1	1	1	0	1	1	0	0	0	0	0	0	0	0	0	0	0	0	1	0	0	0	0	0	0	0	0	0	0	0	1	0	0	1	1	1	0	0	0	0	0	0	0	0	0	1	0	0	0	1	0	0	1	0	1	0	1	1	0	0	0
	http://vkontakte.ru/club30103147	0	0	0	0	0	0	0	0	0	0	0	0	0	0	0	0	0	0	0	0	0	0	0	0	0	0	0	0	0	0	0	0	0	0	0	0	0	0	0	0	0	0	0	0	0	0	0	0	0	0	0	0	0	0	0	0	0	0	0	0	0	0	0	0	0	0	0	0	0	0	0	0	0	0	0	0	0	0
	http://www.vashdom.ru/sitemap.htm#	0	0	0	0	1	0	0	1	0	0	1	0	0	1	1	0	0	1	1	1	0	1	1	0	0	0	0	0	0	0	0	0	0	0	0	1	0	0	0	0	0	0	0	0	1	0	0	1	0	0	1	1	1	0	0	0	0	0	0	0	0	0	1	0	0	1	1	0	0	1	0	1	0	1	1	0	0	0
	http://www.vashdom.ru/articles/grpindex29-1.htm	0	0	0	0	1	0	0	1	0	0	1	0	0	1	1	0	0	1	1	1	0	1	1	0	0	0	0	0	0	0	0	0	0	0	0	1	0	0	0	0	0	0	0	1	0	0	0	1	0	0	1	1	1	0	0	0	0	0	0	0	0	0	1	0	0	1	1	0	0	1	1	1	0	1	1	0	0	0
	http://www.vashdom.ru/cab-pricectl.htm	0	0	0	0	1	0	0	1	0	0	1	0	1	1	1	0	0	1	1	1	0	1	1	0	0	0	0	1	0	0	0	0	0	0	0	1	0	0	0	0	0	0	0	0	0	0	0	1	0	0	1	1	1	0	0	0	0	1	0	0	0	0	1	0	0	1	1	0	0	0	0	1	0	1	1	0	0	0
	http://www.vashdom.ru/articles/grpindex29-2.htm	0	0	0	0	1	0	0	1	0	0	1	0	0	1	1	0	0	1	1	1	0	1	1	0	0	0	0	0	0	0	0	0	0	0	1	1	0	0	0	0	0	0	0	0	0	0	0	1	0	0	1	1	1	0	0	0	0	0	0	0	0	0	1	0	0	1	1	0	1	1	0	1	0	1	1	0	0	0
	http://www.vashdom.ru/abonents.htm	0	0	0	0	1	0	0	1	0	0	1	0	0	1	1	0	0	1	1	1	0	1	1	0	0	0	0	0	0	0	0	0	0	0	0	1	0	0	0	0	0	0	0	0	0	0	0	1	1	0	1	1	1	0	0	0	0	0	1	0	0	1	1	0	0	1	1	0	0	1	0	0	0	1	1	0	0	0
	http://www.vashdom.ru/goodsbr433-gotovye-proekty-domov-1.htm#	0	0	0	0	1	0	0	1	0	0	1	0	0	1	1	0	0	1	1	1	0	1	1	0	0	0	0	0	0	0	0	0	0	0	0	1	0	0	0	0	0	0	0	0	1	0	0	1	0	0	1	1	1	0	0	0	0	0	0	0	0	0	1	0	0	1	1	0	0	1	0	1	0	1	1	0	0	0
	http://brands.vashdom.ru	0	0	0	0	0	0	0	0	0	0	0	0	0	0	0	0	0	0	0	0	0	0	0	0	0	0	0	0	0	0	0	0	0	0	0	0	0	0	0	0	0	0	0	0	0	0	0	0	0	0	0	0	0	0	0	0	0	0	0	0	0	0	0	0	0	0	0	0	0	0	0	0	0	0	0	0	0	0
	http://www.vashdom.ru/articles/	0	0	0	0	1	1	0	1	0	0	1	0	0	1	1	0	0	1	1	1	0	1	1	1	0	0	0	0	1	0	0	0	0	0	0	1	0	0	0	0	0	0	0	0	0	0	0	1	0	0	1	1	1	0	0	0	0	0	0	0	0	0	1	0	0	1	1	0	0	1	0	1	0	1	0	0	0	0
	http://www.vashdom.ru/subscribe.htm#	0	0	0	0	1	0	0	1	0	0	1	0	0	1	1	1	0	1	1	1	0	1	1	0	0	0	0	0	0	1	0	0	0	0	0	1	0	0	0	0	0	0	0	0	0	0	0	1	0	0	1	1	1	0	0	0	0	0	0	0	0	0	1	0	0	1	1	0	0	1	0	1	0	1	1	0	0	0
	http://www.techart.ru/	0	0	0	0	0	0	0	0	0	0	0	0	0	0	0	0	0	0	0	0	0	0	0	0	0	0	0	0	0	0	0	0	0	0	0	0	0	0	0	0	0	0	0	0	0	0	0	0	0	0	0	0	0	0	0	0	0	0	0	0	0	0	0	0	0	0	0	0	0	0	0	0	0	0	0	0	0	0
	http://www.vashdom.ru/articles/grpindex29.htm	0	0	0	0	1	0	0	1	0	0	1	0	0	1	1	0	0	1	1	1	0	1	1	0	0	0	0	0	0	0	0	0	0	0	0	1	1	0	0	0	0	0	0	0	0	0	0	1	0	0	1	1	1	0	0	0	0	0	0	0	0	0	1	0	0	1	1	0	0	1	1	1	0	1	1	0	0	0